<?xml version="1.0" encoding="UTF-8"?>
<!DOCTYPE mapper PUBLIC "-//mybatis.org//DTD Mapper 3.0//EN" "http://mybatis.org/dtd/mybatis-3-mapper.dtd">
<mapper namespace="com.miniproject.mappers.hboardMapper">

	<select id="getDateTime" resultType="string">
		select now()
	</select>

	<select id="getAllBoard" resultType="HBoardVO">
		select * from hboard order by boardNo desc
	</select>

	<insert id="saveNewBoard">
		insert into hboard (title, content, writer)
		values
		(#{title}, #{content}, #{writer})
	</insert>

	<select id="getMaxNo" resultType="int">
		select max(boardNo) from hboard
	</select>

	<insert id="saveUpFile">
		insert into boardupfiles(newFileName, originFileName,
		thumbFileName, ext, size, boardNo, base64Img)
		values(#{newFileName}, #{originFileName}, #{thumbFileName}, #{ext}, #{size}, #{boardNo},
		#{base64Img});
	</insert>

	<select id="getBoard" resultType="HBoardVO">
		select * from hboard where boardNo = #{boardNo};
	</select>

	<select id="getBoardUpFiles" resultType="BoardUpFilesVODTO">
		select * from boardupfiles where boardNo = #{boardNo};
	</select>



	<!-- resultMap 연습 -->
	<resultMap type="com.miniproject.domain.HBoardDTO" id="boardResultMapTest">
		<id column="boardNo" property="boardNo" javaType="int"></id>
		<result column="title" property="title" javaType="String"></result>
		<result column="content" property="content" javaType="String"></result>
		<result column="writer" property="writer" javaType="String"></result>

		<collection column="boardNo" property="fileList" ofType="BoardUpFilesVODTO" javaType="java.util.List" select="getBoardUpFiles">

		</collection>

	</resultMap>

	<select id="selectResultMapTest" resultMap="boardResultMapTest">
		select boardNo, title, content, writer from hboard where boardNo = #{boardNo}
	</select>

	<resultMap type="com.miniproject.domain.BoardDetailInfo" id="BoardDetailInfo">
		<result column="boardNo" property="boardNo" javaType="int"></result>
		<result column="title" property="title" javaType="String"></result>
		<result column="content" property="content" javaType="String"></result>
		<result column="writer" property="writer" javaType="String"></result>
		<result column="postDate" property="postDate" javaType="java.sql.Timestamp"></result>
		<result column="readCount" property="readCount" javaType="int"></result>
		<result column="ref" property="ref" javaType="int"></result>
		<result column="step" property="step" javaType="int"></result>
		<result column="refOrder" property="refOrder" javaType="int"></result>

		<result column="userName" property="userName" javaType="String"></result>
		<result column="email" property="email" javaType="String"></result>

		<collection column="boardNo" property="fileList" ofType="BoardUpFilesVODTO" javaType="java.util.List">
			<result column="boardUpFileNo" property="boardUpFileNo" javaType="int" />
			<result column="newFileName" property="newFileName" javaType="String" />
			<result column="originFileName" property="originFileName" javaType="String" />
			<result column="thumbFileName" property="thumbFileName" javaType="String" />
			<result column="ext" property="ext" javaType="String" />
			<result column="size" property="size" javaType="long" />
			<result column="boardNo" property="boardNo" javaType="int" />
			<result column="base64Img" property="base64Img" javaType="String" />
		</collection>
	</resultMap>

	<select id="selectBoardDetailInfoByBoardNo" resultMap="BoardDetailInfo">
		select h.*, f.*, m.userName, m.email
		from hboard h left outer join boardupfiles f on h.boardNo = f.boardNo
		join member m on h.writer = m.userId
		where h.boardNo = #{boardNo};
	</select>


	<!-- 조회수 처리 -->
	<!-- ipAddr의 유저가 boardNo글을 조회한 날짜와 현재 시간 차이, 조회기록이 없다면 -1 반환 -->
	<select id="selectBoardDateDiff" resultType="int">
		select ifnull(datediff(now(), (select readWhen from boardreadlog where readWho = #{ipAddr} and boardNo = #{boardNo})) , -1) as datediff
	</select>

	<!-- BoardReadLog에 조회한 내역 저장 -->
	<insert id="saveBoardReadLog">
		insert into boardreadlog(readWho, boardNo) values(#{ipAddr}, #{boardNo});
	</insert>

	<!-- 조회수 증가 -->
	<update id="updateReadCount">
		update hboard set readCount = readCount + 1 where boardNo = #{boardNo}
	</update>


	<!-- 조회 시간 업데이트 -->
	<update id="updateBoardReadLog">
		update boardreadlog set readWhen = now()
		where readWho = #{ipAddr} and boardNo = #{boardNo};
	</update>






</mapper>